{
  "909631468": {
    "user_id": 909631468,
    "name": null,
    "first_seen": 1776807124.931979,
    "last_seen": 1776807571.7393868,
    "question_count": 7,
    "interests": {},
    "last_topic": null,
    "preferred_language": "pt"
  }
}